pixel,Wavelength,Flux
652,4036.5,7851.714754098361
1200,4336.5,28655.647540983606
3218,5440.0,44351.95409836066
3827,5773.5,3683.7639344262298
3866,5794.5,3065.826229508197
