pixel,Wavelength,Flux
652,4036.5,7829.062295081967
1200,4336.5,28615.834426229507
3218,5440.0,44242.737704918036
3827,5773.5,3660.149180327869
3866,5794.5,3052.2245901639344
