pixel,Wavelength,Flux
652,4036.5,7851.97868852459
1200,4336.5,28656.390163934426
3218,5440.0,44346.749180327875
3827,5773.5,3673.6508196721315
3866,5794.5,3060.4262295081967
