pixel,Wavelength,Flux
3108,5380.0,144.60169398907104
3664,5684.5,14.678579234972677
3720,5715.0,13.186065573770492
3813,5765.5,190.16180327868852
3987,5861.0,905.4939344262294
