pixel,Wavelength,Flux
652,4036.5,7844.475409836065
1200,4336.5,28653.11967213115
3218,5440.0,44318.30163934426
3827,5773.5,3671.7737704918036
3866,5794.5,3058.4180327868853
