pixel,Wavelength,Flux
1460,4478.5,8.010136612021858
1681,4599.5,20.95117486338798
1768,4647.0,41.03079234972678
1813,4671.5,6.2101366120218575
2011,4780.0,11.042295081967215
