pixel,Wavelength,Flux
652,4036.5,7839.913114754098
1200,4336.5,28633.337704918034
3218,5440.0,44299.23442622951
3827,5773.5,3667.098360655738
3866,5794.5,3055.404918032787
