pixel,Wavelength,Flux
652,4036.5,7800.439344262295
1200,4336.5,28532.116393442626
3218,5440.0,44083.31475409836
3827,5773.5,3636.22131147541
3866,5794.5,3028.334426229508
