pixel,Wavelength,Flux
652,4036.5,7473.475409836065
1200,4336.5,27790.81475409836
3218,5440.0,42469.55737704918
3827,5773.5,3391.9114754098364
3866,5794.5,2827.9524590163937
