pixel,Wavelength,Flux
652,4036.5,7813.685245901639
1200,4336.5,28574.9737704918
3218,5440.0,44163.463934426225
3827,5773.5,3651.191803278689
3866,5794.5,3040.195081967213
