pixel,Wavelength,Flux
130,5788.0,885.64
165,5806.0,1505.9375409836066
2262,6893.5,157.05530054644808
2595,7066.0,42.43573770491803
