pixel,Wavelength,Flux
652,4036.5,7821.196721311476
1200,4336.5,28607.750819672132
3218,5440.0,44215.79344262295
3827,5773.5,3654.862295081967
3866,5794.5,3043.9885245901637
