pixel,Wavelength,Flux
652,4036.5,7825.068852459017
1200,4336.5,28589.59180327869
3218,5440.0,44214.229508196724
3827,5773.5,3654.304918032787
3866,5794.5,3045.744262295082
