pixel,Wavelength,Flux
3108,5380.0,145.9246994535519
3664,5684.5,14.74486338797814
3720,5715.0,13.363497267759563
3813,5765.5,191.0912568306011
3987,5861.0,913.5533879781422
